Workbook

Sheet 사용안내
B2: 미샵 핵심업무 실행 서식 — 사용 안내
B4: 전체 흐름
B5: ① 상품 소싱 (오프라인 회의) → 1번 시트에 공급사상품명(붙여쓰기)으로 최초 등록
B6: ② 상품 노출 후 48시간 내 변경체크 → '2.주간상품체크(제작팀공유)' 시트(MD·제작팀 공유)에서 HERO 여부 / 재검토 여부 판정 및 조치
B7: ③ 매주 금요일 MD 주간회의 → '2.주간상품체크(제작팀공유)' 시트를 함께 보며 진행, 4번 시트에는 추가 논의사항과 경쟁사 모니터링만 기록
B8: ④ 월별 HERO LIST 확보 → 3번 시트에 SERA/Cafe24 데이터를 '노출상품명' 기준으로 입력
B9: ⑤ 매월 마지막 주 MD 월간회의 → 5번 시트에 다음달 키워드·제작방향과 재고 점검 기록
B11: 핵심 키(연결고리) 규칙
B12: 공급사상품명(거래처명) | C12: 우리 팀이 실제로 대화·기억하는 이름. 1번, 2.주간상품체크(제작팀공유), 4번, 5번 시트를 연결하는 기본 키입니다. 반드시 띄어쓰기 없이 붙여쓰기로 통일합니다. (예: 보타스트레이트슬랙스)
B14: 노출상품명 | C14: 카페24/스토어에 실제로 등록되는 상품명. 공급사상품명과 다를 수 있습니다. '2.주간상품체크(제작팀공유)' 시트에서 입력하며, SERA/Cafe24 데이터는 이 이름 기준으로 내려오기 때문에 3번 시트는 이 이름으로 매칭합니다.
B17: 시트 구성
B18: 1. 상품스케줄표 | C18: 오프라인 소싱 회의 직후 MD가 작성. 공급사상품명(거래처명)을 붙여쓰기로 최초 입력하고, FOCUS ITEM 후보 여부·소싱처·제작예정일을 관리합니다.
B20: 2.주간상품체크(제작팀공유) | C20: MD와 제작(디자인)팀이 함께 보는 시트. 노출 48시간 시점 실적을 기록하고 HERO 여부(O/X)·재검토 여부(O/X)를 판정합니다. 재검토 상품은 MD·제작팀 조치내용과 담당확인까지 이 시트 안에서 끝냅니다. 실제 스토어에 등록된 '노출상품명'도 여기서 기록해 3번 시트와 연결됩니다.
B22: 3. 월별HERO LIST | C22: SERA/Cafe24 실적 데이터를 '노출상품명' 기준으로 입력하면, 위 시트를 거꾸로 조회해 공급사상품명·상품명(가칭)·HERO 상품여부가 자동으로 연결됩니다.
B24: 4. MD주간회의록 | C24: 매주 금요일 회의 기록. '2.주간상품체크(제작팀공유)' 시트 내용은 반복해서 옮겨 적지 않고, 그 자리에서 추가로 나온 논의사항(①)과 경쟁사 모니터링(②)만 기록하는 가벼운 시트입니다. 하단에 BEST/WORST/HERO 용어 정리가 있습니다.
B26: 5. MD월간회의록 | C26: 매월 마지막 주 회의 기록. 다음 달 패션 키워드·제작방향·트렌드 키워드를 정하고, 재고·현금화 상품을 다음 달 방향과 연결해 점검합니다.
B29: 색상 규칙
B30: 파란 글씨 | C30: 담당자가 직접 입력하는 셀
B31: 검정 글씨 | C31: 자동 계산/자동 연결되는 셀 (건드리지 마세요, 수식 포함)
B32: 노란색/초록색 채우기 | C32: 핵심 판단·의사결정 셀 (FOCUS ITEM 여부, HERO 판정 등)
B34: ※ 각 시트의 예시 행은 참고용입니다. 실제 데이터는 그 아래 행부터 입력하세요. ※ 공급사상품명은 반드시 띄어쓰기 없이 붙여쓰기로 입력합니다 (예: 보타스트레이트슬랙스). ※ 제작(디자인)팀과 공유 시 '2.주간상품체크(제작팀공유)' 시트만 열람 권한을 드려도 회의 진행이 가능합니다. ※ SERA/Cafe24 데이터 자동 불러오기는 이 엑셀 자체 수식만으로는 불가능합니다. 리포트를 다운받아 3번 시트에 직접 붙여넣는 방식이며, 자동 연동을 원하시면 Cafe24 API 연결이 별도로 필요합니다.

Sheet 1.상품스케줄표
A1: 노출날짜 | B1: 공급사상품명 (거래처명, 붙여쓰기) | C1: 공급가 | D1: 상품명(가칭) | E1: FOCUS ITEM 후보(O/X) | F1: 과거 베스트 연결상품(DNA) | G1: 소싱처 | H1: 제작/발주 예정일 | I1: 진행상태 | J1: 비고
A3: 46252 | B3: 보타스트레이트슬랙스 | D3: 가을 스트레이트 슬랙스 | E3: O | F3: 보타 스트레이트팬츠(2024 베스트) | G3: 동대문A업체 | H3: 2026-08-20 | I3: 소싱중 | J3: -
A7: 46258

Sheet 2.주간상품체크(제작팀공유)
A1: 순번 | B1: 공급사상품명 (거래처명) | C1: 노출상품명 (카페24/스토어 등록명) | D1: 노출날짜 | E1: 48시간 마감날짜 | F1: 마감시점 조회수 | G1: 마감시점 판매수량 | H1: 주문율 | I1: 클릭가치 | J1: 마감시점 매출액 | K1: HERO 상품 | L1: 조치내용 (MD팀 확인) | M1: 재검토 상품 | N1: 조치내용 (MD팀 확인) | O1: 조치내용 (제작팀확인) | P1: MD 담당확인 | Q1: 제작팀 담당확인
A2: 1 | B2: 보타스트레이트슬랙스 | C2: 미샵 가을 스트레이트 슬랙스 (25-08 NEW) | D2: 46259 | E2: =IF(D2="","",D2+2) -> 46261 | F2: 1280 | G2: 42 | J2: 2352000 | K2: O | L2: 릴스기획, 후기체크 | M2: O | N2: 추가촬영, 원고, 썸네일 | O2: 상페 수정 및 추가 내용 | P2: O | Q2: O
A3: 2 | E3: =IF(D3="","",D3+2)
A4: 3 | E4: =IF(D4="","",D4+2)
A5: 4 | E5: =IF(D5="","",D5+2)
A6: 5 | E6: =IF(D6="","",D6+2)
A7: 6 | E7: =IF(D7="","",D7+2)
A8: 7 | E8: =IF(D8="","",D8+2)
A9: 8 | E9: =IF(D9="","",D9+2)
A10: 9 | E10: =IF(D10="","",D10+2)
A11: 10 | E11: =IF(D11="","",D11+2)
A12: 11 | E12: =IF(D12="","",D12+2)
A13: 12 | E13: =IF(D13="","",D13+2)
A14: 13 | E14: =IF(D14="","",D14+2)
... A22: 21 | E22: =IF(D22="","",D22+2)

Sheet 3.월별HERO LIST
A1: 월 | B1: 노출상품명 (SERA/Cafe24 그대로 입력) | C1: 공급사상품명 (거래처명, 자동) | D1: 상품명(가칭) (자동) | E1: HERO 상품여부 (자동) | F1: 누적 판매수량 (SERA/Cafe24) | G1: 누적 매출액 (SERA/Cafe24) | H1: 공헌이익률(%) (SERA) | I1: HERO 유지여부 (월말 재평가) | J1: 월내 매출 순위(자동) | K1: 비고
A2: 2026-08 | B2: 미샵 가을 스트레이트 슬랙스 (25-08 NEW) | C2: =IFERROR(INDEX('2.주간상품체크(제작팀공유)'!$B:$B,MATCH(B2,'2.주간상품체크(제작팀공유)'!$C:$C,0)),"") -> 보타스트레이트슬랙스 | D2: =IFERROR(INDEX('1.상품스케줄표'!$D:$D,MATCH(C2,'1.상품스케줄표'!$B:$B,0)),"") -> 가을 스트레이트 슬랙스 | E2: =IFERROR(INDEX('2.주간상품체크(제작팀공유)'!$K:$K,MATCH(B2,'2.주간상품체크(제작팀공유)'!$C:$C,0)),"") -> O | F2: 356 | G2: 19936000 | H2: 32.5 | I2: 유지 | J2: =IF(H2="","",RANK(H2,$H$2:$H$21)) -> 1 | K2: 8월 HERO 1위, 9월 재주문 검토
C3: =IFERROR(INDEX('2.주간상품체크(제작팀공유)'!$B:$B,MATCH(B3,'2.주간상품체크(제작팀공유)'!$C:$C,0)),"") | D3: =IFERROR(INDEX('1.상품스케줄표'!$D:$D,MATCH(C3,'1.상품스케줄표'!$B:$B,0)),"") | E3: =IFERROR(INDEX('2.주간상품체크(제작팀공유)'!$K:$K,MATCH(B3,'2.주간상품체크(제작팀공유)'!$C:$C,0)),"") | J3: =IF(H3="","",RANK(H3,$H$2:$H$21))
C4: =IFERROR(INDEX('2.주간상품체크(제작팀공유)'!$B:$B,MATCH(B4,'2.주간상품체크(제작팀공유)'!$C:$C,0)),"") | D4: =IFERROR(INDEX('1.상품스케줄표'!$D:$D,MATCH(C4,'1.상품스케줄표'!$B:$B,0)),"") | E4: =IFERROR(INDEX('2.주간상품체크(제작팀공유)'!$K:$K,MATCH(B4,'2.주간상품체크(제작팀공유)'!$C:$C,0)),"") | J4: =IF(H4="","",RANK(H4,$H$2:$H$21))
C5: =IFERROR(INDEX('2.주간상품체크(제작팀공유)'!$B:$B,MATCH(B5,'2.주간상품체크(제작팀공유)'!$C:$C,0)),"") | D5: =IFERROR(INDEX('1.상품스케줄표'!$D:$D,MATCH(C5,'1.상품스케줄표'!$B:$B,0)),"") | E5: =IFERROR(INDEX('2.주간상품체크(제작팀공유)'!$K:$K,MATCH(B5,'2.주간상품체크(제작팀공유)'!$C:$C,0)),"") | J5: =IF(H5="","",RANK(H5,$H$2:$H$21))
C6: =IFERROR(INDEX('2.주간상품체크(제작팀공유)'!$B:$B,MATCH(B6,'2.주간상품체크(제작팀공유)'!$C:$C,0)),"") | D6: =IFERROR(INDEX('1.상품스케줄표'!$D:$D,MATCH(C6,'1.상품스케줄표'!$B:$B,0)),"") | E6: =IFERROR(INDEX('2.주간상품체크(제작팀공유)'!$K:$K,MATCH(B6,'2.주간상품체크(제작팀공유)'!$C:$C,0)),"") | J6: =IF(H6="","",RANK(H6,$H$2:$H$21))
C7: =IFERROR(INDEX('2.주간상품체크(제작팀공유)'!$B:$B,MATCH(B7,'2.주간상품체크(제작팀공유)'!$C:$C,0)),"") | D7: =IFERROR(INDEX('1.상품스케줄표'!$D:$D,MATCH(C7,'1.상품스케줄표'!$B:$B,0)),"") | E7: =IFERROR(INDEX('2.주간상품체크(제작팀공유)'!$K:$K,MATCH(B7,'2.주간상품체크(제작팀공유)'!$C:$C,0)),"") | J7: =IF(H7="","",RANK(H7,$H$2:$H$21))
C8: =IFERROR(INDEX('2.주간상품체크(제작팀공유)'!$B:$B,MATCH(B8,'2.주간상품체크(제작팀공유)'!$C:$C,0)),"") | D8: =IFERROR(INDEX('1.상품스케줄표'!$D:$D,MATCH(C8,'1.상품스케줄표'!$B:$B,0)),"") | E8: =IFERROR(INDEX('2.주간상품체크(제작팀공유)'!$K:$K,MATCH(B8,'2.주간상품체크(제작팀공유)'!$C:$C,0)),"") | J8: =IF(H8="","",RANK(H8,$H$2:$H$21))
C9: =IFERROR(INDEX('2.주간상품체크(제작팀공유)'!$B:$B,MATCH(B9,'2.주간상품체크(제작팀공유)'!$C:$C,0)),"") | D9: =IFERROR(INDEX('1.상품스케줄표'!$D:$D,MATCH(C9,'1.상품스케줄표'!$B:$B,0)),"") | E9: =IFERROR(INDEX('2.주간상품체크(제작팀공유)'!$K:$K,MATCH(B9,'2.주간상품체크(제작팀공유)'!$C:$C,0)),"") | J9: =IF(H9="","",RANK(H9,$H$2:$H$21))
C10: =IFERROR(INDEX('2.주간상품체크(제작팀공유)'!$B:$B,MATCH(B10,'2.주간상품체크(제작팀공유)'!$C:$C,0)),"") | D10: =IFERROR(INDEX('1.상품스케줄표'!$D:$D,MATCH(C10,'1.상품스케줄표'!$B:$B,0)),"") | E10: =IFERROR(INDEX('2.주간상품체크(제작팀공유)'!$K:$K,MATCH(B10,'2.주간상품체크(제작팀공유)'!$C:$C,0)),"") | J10: =IF(H10="","",RANK(H10,$H$2:$H$21))
C11: =IFERROR(INDEX('2.주간상품체크(제작팀공유)'!$B:$B,MATCH(B11,'2.주간상품체크(제작팀공유)'!$C:$C,0)),"") | D11: =IFERROR(INDEX('1.상품스케줄표'!$D:$D,MATCH(C11,'1.상품스케줄표'!$B:$B,0)),"") | E11: =IFERROR(INDEX('2.주간상품체크(제작팀공유)'!$K:$K,MATCH(B11,'2.주간상품체크(제작팀공유)'!$C:$C,0)),"") | J11: =IF(H11="","",RANK(H11,$H$2:$H$21))
C12: =IFERROR(INDEX('2.주간상품체크(제작팀공유)'!$B:$B,MATCH(B12,'2.주간상품체크(제작팀공유)'!$C:$C,0)),"") | D12: =IFERROR(INDEX('1.상품스케줄표'!$D:$D,MATCH(C12,'1.상품스케줄표'!$B:$B,0)),"") | E12: =IFERROR(INDEX('2.주간상품체크(제작팀공유)'!$K:$K,MATCH(B12,'2.주간상품체크(제작팀공유)'!$C:$C,0)),"") | J12: =IF(H12="","",RANK(H12,$H$2:$H$21))
C13: =IFERROR(INDEX('2.주간상품체크(제작팀공유)'!$B:$B,MATCH(B13,'2.주간상품체크(제작팀공유)'!$C:$C,0)),"") | D13: =IFERROR(INDEX('1.상품스케줄표'!$D:$D,MATCH(C13,'1.상품스케줄표'!$B:$B,0)),"") | E13: =IFERROR(INDEX('2.주간상품체크(제작팀공유)'!$K:$K,MATCH(B13,'2.주간상품체크(제작팀공유)'!$C:$C,0)),"") | J13: =IF(H13="","",RANK(H13,$H$2:$H$21))
C14: =IFERROR(INDEX('2.주간상품체크(제작팀공유)'!$B:$B,MATCH(B14,'2.주간상품체크(제작팀공유)'!$C:$C,0)),"") | D14: =IFERROR(INDEX('1.상품스케줄표'!$D:$D,MATCH(C14,'1.상품스케줄표'!$B:$B,0)),"") | E14: =IFERROR(INDEX('2.주간상품체크(제작팀공유)'!$K:$K,MATCH(B14,'2.주간상품체크(제작팀공유)'!$C:$C,0)),"") | J14: =IF(H14="","",RANK(H14,$H$2:$H$21))
... C22: =IFERROR(INDEX('2.주간상품체크(제작팀공유)'!$B:$B,MATCH(B22,'2.주간상품체크(제작팀공유)'!$C:$C,0)),"") | D22: =IFERROR(INDEX('1.상품스케줄표'!$D:$D,MATCH(C22,'1.상품스케줄표'!$B:$B,0)),"") | E22: =IFERROR(INDEX('2.주간상품체크(제작팀공유)'!$K:$K,MATCH(B22,'2.주간상품체크(제작팀공유)'!$C:$C,0)),"") | J22: =IF(H22="","",RANK(H22,$H$2:$H$21))

Sheet 4.MD주간회의록
A1: MD 주간회의록 (매주 금요일)
A2: ※ 회의는 '2.주간상품체크(제작팀공유)' 시트를 함께 보면서 진행합니다(제작팀도 접근 가능). 이 시트에는 그 자리에서 추가로 나온 논의사항과 경쟁사 모니터링만 기록합니다 — 데이터를 다시 옮겨 적지 않습니다.
A4: ① 주간 판매상품 추가 논의
A5: 회의일자 | B5: 공급사상품명 (주간상품체크 시트 목록) | C5: 추가 논의내용 (시트에 없는 내용만) | D5: 결정사항 / 조치 | E5: 담당 | F5: 비고
A6: 2026-08-21 | B6: 보타스트레이트슬랙스 | C6: 재입고 물량을 몇 장으로 할지 논의 | D6: 다음 주 100장 추가 발주 확정 | E6: 박희라 | F6: -
A17: ② 경쟁사 모니터링
A18: 회의일자 | B18: 경쟁사명 | C18: 1. 베스트상품 | D18: 2. 가격/프로모션 | E18: 3. 미샵 적용 아이디어 | F18: 링크/메모
A19: 2026-08-21 | B19: A사 | C19: 가을 와이드팬츠 베스트 1위 | D19: 전상품 15% 할인 프로모션 진행중 | E19: 묶음할인 프로모션 벤치마킹 검토 | F19: https://example.com
A30: ■ 용어 정리
A31: - BEST : HERO 예상을 뛰어넘고, 이번 주 통계에서 좋았던 집중상품 — '2.주간상품체크(제작팀공유)' 시트의 'HERO 상품' 열에 O로 표시
A32: - WORST : 전 주에 베스트상품으로 예상했으나 판매가 저조한 상품 → 원인분석(상품자체/썸네일/상세페이지/가격/노출) — 같은 시트의 '재검토 상품' 열에 O로 표시
A33: - HERO : '2.주간상품체크(제작팀공유)' 시트에서 노출 48시간 내 이미 HERO로 판정된 상품

Sheet 5.MD월간회의록
A1: MD 월간회의록 (매월 마지막 주)
A2: ※ 다음 달 패션 키워드·트렌드·제작 방향을 정하고, 재고·현금화 상품과 다음 달 키워드·제작 방향을 함께 점검합니다.
A4: ① 월간 회의 개요
A5: 월 | B5: 참석자 | C5: 작성일 | D5: 다음달 패션 키워드 (MD레이더 등) | E5: 다음달 제작방향 | F5: 다음달 트렌드 및 컨텐츠 키워드 | G5: 종합메모 | H5: 비고
A6: 2026-08 | B6: 이영미, 손수향, 박희라, 아름씨 | C6: 2026-08-28 | D6: 체크 패턴, 뉴트로 브라운, 와이드 팬츠 | E6: 가을 슬랙스/자켓 물량 확대, 니트 소재 조기 투입 | F6: Transformative Teal 포인트 활용, 4050 출근룩 콘텐츠 강화 | G6: 9월 재고 소진과 신상품 밸런스 관리 필요 | H6: -
A15: ② 재고·현금화 상품 점검
A16: 월 | B16: 공급사상품명 (1번 시트 목록) | C16: 재고수량 | D16: 현금화 방안 (할인/묶음/땡처리 등) | E16: 다음달 키워드 연결 | F16: 다음달 제작방향 연결 | G16: 담당 | H16: 비고
A17: 2026-08 | B17: 보타스트레이트슬랙스 | C17: 120 | D17: 2차 할인(10%) + 5일장 특가 노출 | E17: 와이드 팬츠 키워드와 연결해 재소구 | F17: 가을 슬랙스 신상 촬영 시 서브컬러로 함께 노출 | G17: 박희라 | H17: 9월 첫째주까지 우선 소진
